{
    "Naive Bayes":{
        "Accuracy":0.7891156463,
        "Precision":0.8342012667,
        "Recall":0.7891156463,
        "F1-Score":0.7083444961
    },
    "SVM":{
        "Accuracy":0.8163265306,
        "Precision":0.8135855802,
        "Recall":0.8163265306,
        "F1-Score":0.7756198746
    },
    "BERT":{
        "Accuracy":0.9047619048,
        "Precision":0.9137159137,
        "Recall":0.9047619048,
        "F1-Score":0.9074431574
    }
}